"Name","Edition","Count"
"Oglor, Devoted Assistant",ymid,1
"Citizen's Arrest",dmu,1
"Scout the Wilderness",dmu,1
"Phyrexian Warhorse",dmu,1
"Benalish Knight-Counselor",ydmu,1
"Goblin Influx Array",ydmu,1
"Legions to Ashes",bro,1
"Geth, Thane of Contracts",one,1
"Nissa, Ascended Animist",one,1
"Blade of Shared Souls",one,1
"Vessel of Nascency",sir,1
"Tranquil Frillback",mat,2
"Dawn of a New Age",ltr,1
"Song of Totentanz",woe,1
"Troyan, Gutsy Explorer",woe,1
"Likeness Looter",woe,1
"Restless Spire",woe,1
"Fiery Emancipation",wot,1
"Sunken Citadel",lci,1
"Thousand Moons Infantry",lci,1
"Rumbling Rockslide",lci,2
"Echo of Dusk",lci,2
"Rampaging Ceratops",lci,1
"Dead Weight",lci,1
"Ancestral Reminiscence",lci,1
"Another Chance",lci,1
"Join the Dead",lci,1
"Nurturing Bristleback",lci,3
"Inverted Iceberg // Iceberg Titan",lci,1
"Oaken Siren",lci,2
"Thousand Moons Crackshot",lci,1
"Song of Stupefaction",lci,2
"Hidden Nursery",lci,3
"Staggering Size",lci,1
"Rampaging Spiketail",lci,1
"Runaway Boulder",lci,1
"Soaring Sandwing",lci,3
"Glorifier of Suffering",lci,1
"Buried Treasure",lci,1
"Tinker's Tote",lci,1
"Deconstruction Hammer",lci,1
"Hermitic Nautilus",lci,1
"Volatile Wanderglyph",lci,1
"Hidden Necropolis",lci,1
"Acolyte of Aclazotz",lci,1
"Basking Capybara",lci,2
"Fanatical Offering",lci,1
"Over the Edge",lci,2
"Oltec Cloud Guard",lci,1
"Hidden Courtyard",lci,1
"Goblin Tomb Raider",lci,1
"Marauding Brinefang",lci,1
"Ironpaw Aspirant",lci,2
"Bitter Triumph",lci,1
"Chimil, the Inner Sun",lci,1
"Fungal Fortitude",lci,1
"Envoy of Okinec Ahau",lci,1
"Panicked Altisaur",lci,1
"Greedy Freebooter",lci,1
"Scytheclaw Raptor",lci,1
"Pirate Hat",lci,3
"Oltec Archaeologists",lci,1
"Vito's Inquisitor",lci,3
"Unlucky Drop",lci,1
"Bartolomé del Presidio",lci,1
"Mephitic Draught",lci,1
"Out of Air",lci,1
"Relic's Roar",lci,1
"Mischievous Pup",lci,1
"Orazca Puzzle-Door",lci,2
"Deep Goblin Skulltaker",lci,2
"Miner's Guidewing",lci,1
"Screaming Phantom",lci,1
"Idol of the Deep King // Sovereign's Macuahuitl",lci,2
"Cosmium Confluence",lci,1
"Huatli's Final Strike",lci,2
"Cavern Stomper",lci,3
"Didact Echo",lci,2
"Akal Pakal, First Among Equals",lci,2
"Burning Sun Cavalry",lci,2
"Petrify",lci,2
"Get Lost",lci,1
"Disturbed Slumber",lci,1
"Waterwind Scout",lci,2
"Frilled Cave-Wurm",lci,2
"Council of Echoes",lci,1
"Broodrage Mycoid",lci,1
"Oteclan Landmark // Oteclan Levitator",lci,1
"Kaslem's Stonetree // Kaslem's Strider",lci,2
"Armored Kincaller",lci,1
"Child of the Volcano",lci,4
"Sage of Days",lci,1
"Sunbird Standard // Sunbird Effigy",lci,1
"Bedrock Tortoise",lci,2
"Dauntless Dismantler",lci,1
"Chart a Course",lci,4
"Abrade",lci,2
"Hoverstone Pilgrim",lci,2
"Glowcap Lantern",lci,1
"Restless Prairie",lci,1
"River Herald Guide",lci,1
"Restless Reef",lci,1
"Vanguard of the Rose",lci,1
"Dowsing Device // Geode Grotto",lci,1
"Malcolm, Alluring Scoundrel",lci,1
"Waylaying Pirates",lci,2
"Tithing Blade // Consuming Sepulcher",lci,1
"Sinuous Benthisaur",lci,1
"Daring Discovery",lci,2
"Ray of Ruin",lci,1
"Seeker of Sunlight",lci,1
"Malamet Veteran",lci,2
"The Enigma Jewel // Locus of Enlightenment",lci,1
"Hulking Raptor",lci,1
"Subterranean Schooner",lci,1
"Sunshot Militia",lci,1
"Sunfire Torch",lci,1
"Shipwreck Sentry",lci,3
"Poison Dart Frog",lci,1
"Captivating Cave",lci,1
"Dinotomaton",lci,1
"Acrobatic Leap",lci,1
"Hunter's Blowgun",lci,1
"Maelstrom Pulse",ha2,1