"Name","Edition","Count"
"Thoughtseize",akr,3
"Sengir Vampire",anb,1
"Go Blank",stx,1
"Clearwater Pathway // Murkwater Pathway",znr,2
"Primeval Titan",ha7,3
"Ledger Shredder",snc,3
"Calim, Djinn Emperor",hbg,1
"Runic Shot",dmu,1
"Karn, Living Legacy",dmu,1
"Knight of Dusk's Shadow",dmu,2
"Alloy Animist",bro,1
"Brushland",bro,2
"Ravenous Necrotitan",one,1
"Darkslick Shores",one,1
"Collective Brutality",sir,1
"Nezumi Informant",mom,1
"Bonded Herdbeast // Plated Kilnbeast",mom,1
"Stormclaw Rager",mom,1
"Skittering Surveyor",mom,1
"Zimone and Dina",mom,1
"Invasion of Muraganda // Primordial Plasm",mom,1
"Invasion of Belenon // Belenon War Anthem",mom,1
"Thalia and The Gitrog Monster",mom,1
"Sigiled Sentinel",mom,1
"Yargle, Glutton of Urborg",mul,1
"Searing Blood",ea1,3
"Stonesplitter Bolt",woe,1
"Extraordinary Journey",woe,1
"Picklock Prankster // Free the Fae",woe,4
"Dead Weight",lci,1
"Staggering Size",lci,2
"Market Gnome",lci,2
"Tinker's Tote",lci,2
"Hermitic Nautilus",lci,1
"Akawalli, the Seething Tower",lci,2
"Acolyte of Aclazotz",lci,1
"Oltec Cloud Guard",lci,1
"Caparocti Sunborn",lci,1
"Hurl into History",lci,1
"Malamet Brawler",lci,2
"Glimpse the Core",lci,1
"Oltec Archaeologists",lci,1
"Triumphant Chomp",lci,1
"Pathfinding Axejaw",lci,1
"Goldfury Strider",lci,1
"Cosmium Confluence",lci,1
"Didact Echo",lci,1
"Skullcap Snail",lci,1
"Walk with the Ancestors",lci,1
"Waterwind Scout",lci,1
"Ixalli's Lorekeeper",lci,1
"Wail of the Forgotten",lci,1
"Spyglass Siren",lci,1
"Council of Echoes",lci,1
"Oteclan Landmark // Oteclan Levitator",lci,1
"Kaslem's Stonetree // Kaslem's Strider",lci,1
"Sage of Days",lci,1
"Sunbird Standard // Sunbird Effigy",lci,1
"Tithing Blade // Consuming Sepulcher",lci,1
"Daring Discovery",lci,1
"Malamet Veteran",lci,1
"Hulking Raptor",lci,1
"Dinotomaton",lci,1
"Bat Colony",lci,1
"Kellan, Daring Traveler // Journey On",lci,1
"Uchbenbak, the Great Mistake",lci,1
"Terror Tide",lci,1
"Earthshaker Dreadmaw",lci,1
"The Ancient One",lci,1
"Spring-Loaded Sawblades // Bladewheel Chariot",lci,1
"Restless Vents",lci,1
"Brazen Blademaster",lci,1
"The Skullspore Nexus",lci,1
"Tishana's Tidebinder",lci,1
"Pantlaza, Sun-Favored",lcc,1