"Name","Edition","Count"
"Vizier of Tumbling Sands",AKR,1
"Artificer's Assistant",DAR,1
"Divest",DAR,1
"Leaf Gilder",JMP,1
"Scroll of Avacyn",JMP,1
"Carrier Thrall",J21,1
"Reprobation",MH1,1
"Ingenious Infiltrator",MH1,1
"Goldmire Bridge",MH2,1
"Mistvault Bridge",MH2,1
"Darkmoss Bridge",MH2,1
"Slagwoods Bridge",MH2,1
"Thornglint Bridge",MH2,1
"Tanglepool Bridge",MH2,1
"Drossforge Bridge",MH2,1
"Nylea's Presence",THS,1
"Witness the Future",VOW,1
"Dread Fugue",VOW,1
"Secluded Courtyard",NEO,1
"Krydle of Baldur's Gate",HBG,1
"A-Krydle of Baldur's Gate",HBG,1
"Inscribed Tablet",DMU,1
"Ashnod, Flesh Mechanist",BRO,1
"Arms Race",BRO,1
"Loran's Escape",BRO,1
"Citanul Stalwart",BRO,1
"Ashnod's Harvester",BRO,1
"Elsewhere Flask",BRR,1
"Armored Scrapgorger",ONE,1
"Deathcap Cultivator",SIR,1
"Somberwald Sage",SIS,1
"Invisible Stalker",SIS,1
"Quintorius, Loremaster",MOM,1
"Chandra, Hope's Beacon",MOM,1
"Nahiri, Forged in Fury",MAT,1
"Coppercoat Vanguard",MAT,1
"Training Grounds",MAT,1
"Accorder's Shield",M14,1
"Gandalf the Grey",LTR,1
"Minas Tirith",LTR,1
"Polluted Delta",KTK,3
"Bloodstained Mire",KTK,1
"Flooded Strand",KTK,1
"Tenacious Tomeseeker",WOE,1
"Troyan, Gutsy Explorer",WOE,1
"Runecarved Obelisk",Y24,3
"Weave the Nightmare",Y24,4
"Ruby Collector",Y24,3
"Resolute Rejection",Y24,4
"Thieving Aven",Y24,4
"Nashi, Illusion Gadgeteer",Y24,1
"Impetuous Lootmonger",Y24,4
"Pearl Collector",Y24,1
"Silent Extraction",Y24,3
"Jet Collector",Y24,2
"Grave Expectations",Y24,4
"Intruder's Inquisition",Y24,4
"Triumphant Getaway",Y24,2
"Sapphire Collector",Y24,2
"Jessie Zane, Fangbringer",Y24,1
"Albiorix, Goose Tyrant",Y24,1
"Cathartic Operation",Y24,2
"Emerald Collector",Y24,3
"Switchgrass Grazer",Y24,1
"Teysa of the Ghost Council",Y24,1
"Stalwart Realmwarden",Y24,2
"Wagon Wrecker",Y24,1
"Emperor Apatzec Intli IV",Y24,1
"Grenzo, Crooked Jailer",Y24,1
"Confounding Riddle",LCI,1
"Toxin Analysis",MKM,1
"Gearbane Orangutan",MKM,1
"Not on My Watch",MKM,1
"Harried Dronesmith",MKM,1
"No Witnesses",MKM,1
"Absolving Lammasu",MKM,1
"Benthic Criminologists",MKM,1
"On the Job",MKM,1
"Rakish Scoundrel",MKM,1
"Basilica Stalker",MKM,1
"Loxodon Eavesdropper",MKM,1
"Get a Leg Up",MKM,1
"Frantic Scapegoat",MKM,1
"Thundering Falls",MKM,1
"No More Lies",MKM,1
"Urgent Necropsy",MKM,1
"Discerning Peddler",OTJ,3
"Seize the Secrets",OTJ,4
"Stagecoach Security",OTJ,2
"Quilled Charger",OTJ,2
"Badlands Revival",OTJ,2
"Caustic Bronco",OTJ,2
"Silver Deputy",OTJ,1
"Geyser Drake",OTJ,2
"Fake Your Own Death",OTJ,4
"Trash the Town",OTJ,2
"Baron Bertram Graywater",OTJ,1
"High Noon",OTJ,1
"Conduit Pylons",OTJ,1
"Vault Plunderer",OTJ,1
"Iron-Fist Pulverizer",OTJ,3
"Marauding Sphinx",OTJ,1
"Nurturing Pixie",OTJ,1
"Inspiring Vantage",OTJ,1
"Mourner's Surprise",OTJ,4
"Abraded Bluffs",OTJ,3
"Patient Naturalist",OTJ,1
"Drover Grizzly",OTJ,3
"Lassoed by the Law",OTJ,1
"Ornery Tumblewagg",OTJ,1
"Loan Shark",OTJ,3
"Giant Beaver",OTJ,4
"Return the Favor",OTJ,1
"Double Down",OTJ,1
"Wanted Griffin",OTJ,1
"Desperate Bloodseeker",OTJ,1
"Irascible Wolverine",OTJ,1
"Deadeye Duelist",OTJ,2
"Magebane Lizard",OTJ,2
"Sheriff of Safe Passage",OTJ,1
"Pitiless Carnage",OTJ,1
"Trained Arynx",OTJ,1
"Consuming Ashes",OTJ,1
"Oasis Gardener",OTJ,1
"Plan the Heist",OTJ,1
"Reach for the Sky",OTJ,4
"Spinewoods Paladin",OTJ,1
"Spring Splasher",OTJ,3
"Unfortunate Accident",OTJ,1
"Akul the Unrepentant",OTJ,1
"Ambush Gigapede",OTJ,2
"Armored Armadillo",OTJ,2
"Desert's Due",OTJ,2
"Thunder Lasso",OTJ,1
"Concealed Courtyard",OTJ,1
"Quick Draw",OTJ,1
"Daring Thunder-Thief",OTJ,1
"Vengeful Townsfolk",OTJ,3
"Cactusfolk Sureshot",OTJ,1
"Nimble Brigand",OTJ,1
"Creosote Heath",OTJ,1
"Jagged Barrens",OTJ,2
"Bridled Bighorn",OTJ,2
"Outlaws' Fury",OTJ,3
"Voracious Varmint",OTJ,1
"Mystical Tether",OTJ,2
"Mirage Mesa",OTJ,2
"Explosive Derailment",OTJ,1
"Throw from the Saddle",OTJ,1
"Sterling Hound",OTJ,2
"Cactarantula",OTJ,2
"Reckless Lackey",OTJ,2
"Raven of Fell Omens",OTJ,2
"Festering Gulch",OTJ,1
"Jailbreak Scheme",OTJ,2
"Eroded Canyon",OTJ,2
"Boneyard Desecrator",OTJ,2
"Thunder Salvo",OTJ,1
"Outlaw Medic",OTJ,1
"Djinn of Fool's Fall",OTJ,2
"Holy Cow",OTJ,1
"Soured Springs",OTJ,1
"Peerless Ropemaster",OTJ,2
"Lush Oasis",OTJ,2
"Slickshot Vault-Buster",OTJ,1
"Take the Fall",OTJ,1
"Tumbleweed Rising",OTJ,1
"Rodeo Pyromancers",OTJ,1
"Eriette's Lullaby",OTJ,1
"Take Up the Shield",OTJ,1
"Lonely Arroyo",OTJ,1
"Snakeskin Veil",OTJ,1
"Bristlepack Sentry",OTJ,1
"Ankle Biter",OTJ,1
"Corrupted Conviction",OTJ,1
"Skulduggery",OTJ,1
"Freestrider Lookout",OTJ,1
"Stoic Sphinx",OTJ,1
"Riku of Many Paths",OTJ,1
"Stingerback Terror",OTJ,1
"Rooftop Assassin",OTJ,1
"Overzealous Muscle",OTJ,1
"Rattleback Apothecary",OTJ,1
"Sandstorm Verge",OTJ,1
"Eriette, the Beguiler",OTJ,1
"Repulse",OTP,3
"Journey to Nowhere",OTP,2
"Savage Smash",OTP,1
"Decisive Denial",OTP,3
"Thornado",OTP,3
"Back for More",OTP,3
"Hindering Light",OTP,4
"Ride Down",OTP,2
"Murder",OTP,1
"Fractured Identity",OTP,1
"Buried in the Garden",OTP,1
"Tyrant's Scorn",OTP,2
"Archive Trap",OTP,1
"Fling",OTP,2
"Heartless Pillage",OTP,1
"Electrodominance",OTP,1
"Essence Capture",OTP,1
"Unlicensed Hearse",OTP,1
"Mindbreak Trap",OTP,1
"Spell Snare",DIS,1
"Torpor Orb",BIG,1