"Name","Edition","Count"
"Sleight of Hand",woe,1
"Snaremaster Sprite",woe,1
"Soul-Guide Lantern",woe,1
"Stockpiling Celebrant",woe,1
"Merfolk Coralsmith",woe,1
"Prophetic Prism",woe,1
"Hamlet Glutton",woe,1
"Collector's Vault",woe,1
"Blossoming Tortoise",woe,1
"Crystal Grotto",woe,1
"Howling Galefang",woe,1
"Raid Bombardment",wot,1
"Dark Tutelage",wot,1
"A-Haywire Mite",bro,1
"Aether Channeler",dmu,1
"Brain Maggot",ha2,1
"Glasspool Mimic // Glasspool Shore",znr,1
"Ipnu Rivulet",akr,1
"Nurturing Peatland",ha7,1
"Sylvan Ranger",jmp,1
"Up the Beanstalk",woe,1
"Wavesifter",j21,1
"Zendikar's Roil",jmp,1
"Haywire Mite",bro,1