"Name","Edition","Count"
"Clever Impersonator",ktk,1
"Plains",ktk,1
"Island",ktk,1
"Swamp",ktk,1
"Smite the Monstrous",ktk,1
"Firehoof Cavalry",ktk,1
"Sultai Scavenger",ktk,1
"Scout the Borders",ktk,1
"Jungle Hollow",ktk,1
"Kin-Tree Invocation",ktk,1
"Bring Low",ktk,1
"Ainok Bond-Kin",ktk,1
"Chief of the Edge",ktk,1
"Stubborn Denial",ktk,1
"Wingmate Roc",ktk,1
"Abomination of Gudul",ktk,1
"Jeskai Banner",ktk,2
"Erase",ktk,1
"Glacial Stalker",ktk,1
"Burn Away",ktk,1
"Icefeather Aven",ktk,1
"Polluted Delta",ktk,1
"Bloodstained Mire",ktk,1
"Flooded Strand",ktk,1
"Windswept Heath",ktk,1
"Wooded Foothills",ktk,1
"Scoured Barrens",ktk,1
"Rotting Mastodon",ktk,1
"Bitter Revelation",ktk,1
"Efreet Weaponmaster",ktk,1
"Suspension Field",ktk,1
"Master of Pearls",ktk,1
"Treasure Cruise",ktk,4
"Monastery Swiftspear",ktk,3