"Name","Edition","Count"
"Aviary Mechanic",KLR,1
"Spire Patrol",KLR,1
"Whirler Rogue",ORI,1
"Kami of Transmutation",Y22,1
"Rasaad, Monk of Selune",HBG,1
"Founding the Third Path",DMU,1
"Temporary Lockdown",DMU,1
"Micromancer",DMU,1
"Defiler of Faith",DMU,1
"The Stone Brain",BRO,1
"Razorlash Transmogrant",BRO,1
"Ichor Synthesizer",ONE,1
"Adaptive Sporesinger",ONE,1
"Necrogen Rotpriest",ONE,1
"Ruthless Predation",ONE,1
"All Will Be One",ONE,1
"Distorted Curiosity",ONE,1
"Tablet of Compleation",ONE,1
"Haunted Dead",SIR,2
"Fiend Hunter",SIS,1
"Seed of Hope",MOM,3
"Khenra Spellspear",MOM,1
"Drana and Linvala",MOM,1
"Referee Squad",MOM,1
"Rebuild the City",MAT,1
"Fangorn, Tree Shepherd",LTR,1
"The Apprentice's Folly",WOE,1
"Feral Encounter",WOE,1
"Raging Battle Mouse",WOE,1
"Mosswood Dreadknight",WOE,1
"Mapping the Maze",Y24,4
"Izzet Polarizer",Y24,1
"Woodland Investigation",Y24,3
"Scour the Scene",Y24,4
"Construction Arsonist",Y24,2
"Concert Kaboomist",Y24,4
"Relics of the Rubblebelt",Y24,2
"Snarlfang Vermin",Y24,4
"Shove Aside",Y24,3
"Spotlight Falcon",Y24,1
"Emmara, Voice of the Conclave",Y24,2
"Cackling Observer",Y24,2
"Lurking Spinecrawler",Y24,3
"Case of the Market Melee",Y24,2
"Rampaging Ursaguana",Y24,2
"Scrutiny of the Guildpact",Y24,4
"Sleuth Instructor",Y24,2
"Tajic, Legion's Valor",Y24,2
"Emporium Thopterist",Y24,2
"Veko, Death's Doorkeeper",Y24,1
"Sproutwatch Dryad",Y24,1
"Guildpact Greenwalker",Y24,1
"Juggle the Performance",Y24,1
"Roalesk, Prime Specimen",Y24,1
"Unstable Glyphbridge",LCI,1
"A-Geological Appraiser",LCI,1
"Aclazotz, Deepest Betrayal",LCI,1
"Escape Tunnel",MKM,2
"Novice Inspector",MKM,1
"Toxin Analysis",MKM,1
"Pick Your Poison",MKM,1
"Culvert Ambusher",MKM,1
"Outrageous Robbery",MKM,1
"Behind the Mask",MKM,1
"Goblin Maskmaker",MKM,2
"Slice from the Shadows",MKM,2
"Defenestrated Phantom",MKM,3
"Inside Source",MKM,3
"Demand Answers",MKM,2
"Expose the Culprit",MKM,1
"Auspicious Arrival",MKM,3
"Gravestone Strider",MKM,2
"Repeat Offender",MKM,2
"Extract a Confession",MKM,3
"Unauthorized Exit",MKM,3
"Gearbane Orangutan",MKM,1
"Person of Interest",MKM,2
"Shady Informant",MKM,2
"Agency Coroner",MKM,2
"Shock",MKM,3
"Deadly Complication",MKM,1
"Marketwatch Phantom",MKM,1
"Nervous Gardener",MKM,2
"Museum Nightwatch",MKM,1
"Crowd-Control Warden",MKM,2
"Airtight Alibi",MKM,3
"Make Your Move",MKM,2
"Buried in the Garden",MKM,2
"Gadget Technician",MKM,2
"Dog Walker",MKM,3
"Hotshot Investigators",MKM,2
"Undercover Crocodelf",MKM,2
"Vengeful Creeper",MKM,3
"Topiary Panther",MKM,2
"Out Cold",MKM,3
"Deduce",MKM,3
"Fugitive Codebreaker",MKM,1
"Sanguine Savior",MKM,2
"Fanatical Strength",MKM,3
"Seasoned Consultant",MKM,3
"Rubblebelt Maverick",MKM,1
"Projektor Inspector",MKM,1
"Elegant Parlor",MKM,2
"Sanitation Automaton",MKM,2
"Offender at Large",MKM,3
"Cold Case Cracker",MKM,1
"Crimestopper Sprite",MKM,2
"Concealed Weapon",MKM,1
"Polygraph Orb",MKM,1
"Hedge Maze",MKM,1
"Vitu-Ghazi Inspector",MKM,2
"Glint Weaver",MKM,1
"Faerie Snoop",MKM,3
"Public Thoroughfare",MKM,1
"Galvanize",MKM,2
"Due Diligence",MKM,3
"Bite Down on Crime",MKM,2
"Neighborhood Guardian",MKM,1
"Repulsive Mutation",MKM,2
"No Witnesses",MKM,1
"Rubblebelt Braggart",MKM,3
"Alley Assailant",MKM,4
"Push // Pull",MKM,1
"Raucous Theater",MKM,1
"Tunnel Tipster",MKM,3
"Murder",MKM,2
"Absolving Lammasu",MKM,1
"Lightning Helix",MKM,2
"Coveted Falcon",MKM,1
"Felonious Rage",MKM,4
"Rope",MKM,1
"Benthic Criminologists",MKM,3
"Innocent Bystander",MKM,2
"Jaded Analyst",MKM,4
"Insidious Roots",MKM,4
"Crime Novelist",MKM,1
"Aurelia, the Law Above",MKM,1
"Krenko, Baron of Tin Street",MKM,1
"Griffnaut Tracker",MKM,4
"On the Job",MKM,2
"Cerebral Confiscation",MKM,2
"Rakish Scoundrel",MKM,2
"Basilica Stalker",MKM,3
"Reasonable Doubt",MKM,4
"Red Herring",MKM,2
"Haazda Vigilante",MKM,2
"Granite Witness",MKM,1
"Bubble Smuggler",MKM,1
"Loxodon Eavesdropper",MKM,3
"Rot Farm Mortipede",MKM,4
"Sharp-Eyed Rookie",MKM,1
"Meticulous Archive",MKM,1
"Doorkeeper Thrull",MKM,1
"Audience with Trostani",MKM,1
"Pyrotechnic Performer",MKM,2
"Agrus Kos, Spirit of Justice",MKM,1
"Macabre Reconstruction",MKM,2
"Unyielding Gatekeeper",MKM,1
"Pompous Gadabout",MKM,1
"Lush Portico",MKM,2
"Makeshift Binding",MKM,1
"Suspicious Detonation",MKM,1
"Niv-Mizzet, Guildpact",MKM,1
"Archdruid's Charm",MKM,2
"Perimeter Enforcer",MKM,1
"Ill-Timed Explosion",MKM,1
"Eliminate the Impossible",MKM,1
"Tin Street Gossip",MKM,1
"Case of the Gateway Express",MKM,1
"Convenient Target",MKM,1
"Persuasive Interrogators",MKM,1
"Branch of Vitu-Ghazi",MKM,1
"Krenko's Buzzcrusher",MKM,1
"Wispdrinker Vampire",MKM,1
"Exit Specialist",MKM,1
"Drag the Canal",MKM,1
"Magnifying Glass",MKM,1
"Undercity Eliminator",MKM,1
"Break Out",MKM,1
"Undercity Sewers",MKM,1
"Shadowy Backstreet",MKM,1
"One with Nothing",SOK,4