"Name","Edition","Count"
"A-Orcish Bowmasters",ltr,1
"A-The One Ring",ltr,1
"Draconic Debut",ywoe,4
"Dedicated Dollmaker",ywoe,3
"Accident-Prone Apprentice // Amphibian Accident",ywoe,4
"First Little Pig",ywoe,4
"Hex, Kellan's Companion",ywoe,2
"Dunbarrow Revivalist",ywoe,4
"Victory of the Pyrohammer",ywoe,2
"Grow Old Together",ywoe,4
"Third Little Pig",ywoe,4
"Overcooked",ywoe,1
"Jewel Mine Overseer",ywoe,1
"Paths of Tuinvale",ywoe,4
"Second Little Pig",ywoe,3
"Outfitted Jouster",ywoe,2
"Tome of Gadwick",ywoe,1
"A Golden Opportunity",ywoe,2
"Syr Joshua and Syr Saxon",ywoe,1
"Captivating Crossroads",ywoe,2
"Loch Larent",ywoe,2
"The Conundrum of Bowls",ywoe,2
"Steady Tortoise // Harried Dash",ywoe,2
"Heir to Dragonfire",ywoe,2
"Swine Rebellion",ywoe,1
"Sunken Citadel",lci,1
"Plains",lci,1
"Island",lci,1
"Swamp",lci,1
"Mountain",lci,1
"Forest",lci,1
"Deathcap Marionette",lci,2
"Thousand Moons Infantry",lci,2
"Rumbling Rockslide",lci,2
"Echo of Dusk",lci,1
"Careening Mine Cart",lci,1
"Rampaging Ceratops",lci,1
"Tarrian's Journal // The Tomb of Aclazotz",lci,1
"Dead Weight",lci,1
"Ancestral Reminiscence",lci,1
"Cartographer's Companion",lci,4
"Another Chance",lci,3
"Compass Gnome",lci,4
"Itzquinth, Firstborn of Gishath",lci,1
"Canonized in Blood",lci,3
"Growing Rites of Itlimoc // Itlimoc, Cradle of the Sun",lci,2
"Join the Dead",lci,2
"Nurturing Bristleback",lci,1
"Inverted Iceberg // Iceberg Titan",lci,1
"Geological Appraiser",lci,1
"Tendril of the Mycotyrant",lci,1
"Gishath, Sun's Avatar",lci,1
"Sanguine Evangelist",lci,3
"Cavern of Souls",lci,1
"Trumpeting Carnosaur",lci,1
"Oaken Siren",lci,2
"Thousand Moons Crackshot",lci,3
"Song of Stupefaction",lci,2
"Hidden Nursery",lci,1
"Guardian of the Great Door",lci,1
"Braided Net // Braided Quipu",lci,1
"Staggering Size",lci,1
"Rampaging Spiketail",lci,3
"Quicksand Whirlpool",lci,3
"Hidden Volcano",lci,4
"Runaway Boulder",lci,2
"Zoyowa Lava-Tongue",lci,1
"Soulcoil Viper",lci,2
"Brackish Blunder",lci,4
"Soaring Sandwing",lci,1
"Glorifier of Suffering",lci,3
"Seismic Monstrosaur",lci,2
"Waterlogged Hulk // Watertight Gondola",lci,2
"Market Gnome",lci,2
"Unstable Glyphbridge // Sandswirl Wanderglyph",lci,1
"Buried Treasure",lci,3
"Tinker's Tote",lci,1
"Deconstruction Hammer",lci,2
"Tectonic Hazard",lci,1
"Hermitic Nautilus",lci,1
"Eaten by Piranhas",lci,1
"Ojer Pakpatiq, Deepest Epoch // Temple of Cyclical Time",lci,3
"Cosmium Blast",lci,3
"Volatile Wanderglyph",lci,3
"Malamet Scythe",lci,4
"Hidden Necropolis",lci,3
"Cenote Scout",lci,1
"Akawalli, the Seething Tower",lci,2
"Family Reunion",lci,4
"Acolyte of Aclazotz",lci,2
"Basking Capybara",lci,2
"Sorcerous Spyglass",lci,1
"Fanatical Offering",lci,1
"Over the Edge",lci,2
"Attentive Sunscribe",lci,1
"Deep-Cavern Bat",lci,1
"Bonehoard Dracosaur",lci,1
"Etali's Favor",lci,4
"Oltec Cloud Guard",lci,2
"Hotfoot Gnome",lci,4
"Hidden Courtyard",lci,3
"Zoetic Glyph",lci,1
"Caparocti Sunborn",lci,2
"Matzalantli, the Great Door // The Core",lci,1
"Goblin Tomb Raider",lci,1
"Disruptor Wanderglyph",lci,1
"Hurl into History",lci,1
"The Belligerent",lci,2
"Marauding Brinefang",lci,1
"Ironpaw Aspirant",lci,2
"Bitter Triumph",lci,2
"Thousand Moons Smithy // Barracks of the Thousand",lci,1
"Chimil, the Inner Sun",lci,2
"Malamet Brawler",lci,2
"Fungal Fortitude",lci,2
"Helping Hand",lci,1
"Envoy of Okinec Ahau",lci,2
"Panicked Altisaur",lci,3
"Greedy Freebooter",lci,3
"Glimpse the Core",lci,1
"Scytheclaw Raptor",lci,2
"Saheeli, the Sun's Brilliance",lci,1
"Pirate Hat",lci,1
"Oltec Archaeologists",lci,1
"Diamond Pick-Axe",lci,2
"The Millennium Calendar",lci,1
"Vito's Inquisitor",lci,1
"Adaptive Gemguard",lci,1
"Unlucky Drop",lci,1
"Bartolomé del Presidio",lci,1
"Contested Game Ball",lci,1
"Warden of the Inner Sky",lci,1
"Synapse Necromage",lci,2
"Ancestors' Aid",lci,2
"Mephitic Draught",lci,1
"Triumphant Chomp",lci,1
"Out of Air",lci,1
"Pathfinding Axejaw",lci,2
"Forgotten Monument",lci,1
"Relic's Roar",lci,3
"Mineshaft Spider",lci,1
"Mischievous Pup",lci,2
"Calamitous Cave-In",lci,1
"Orazca Puzzle-Door",lci,1
"Deep Goblin Skulltaker",lci,1
"Miner's Guidewing",lci,2
"Screaming Phantom",lci,3
"Spelunking",lci,1
"Inti, Seneschal of the Sun",lci,1
"Idol of the Deep King // Sovereign's Macuahuitl",lci,2
"Goldfury Strider",lci,1
"Explorer's Cache",lci,1
"Cosmium Confluence",lci,1
"Primordial Gnawer",lci,1
"Swashbuckler's Whip",lci,1
"Bloodthorn Flail",lci,1
"Abuelo, Ancestral Echo",lci,1
"Huatli's Final Strike",lci,2
"River Herald Scout",lci,1
"Coati Scavenger",lci,1
"Gargantuan Leech",lci,2
"Deeproot Pilgrimage",lci,1
"Cavern Stomper",lci,1
"Didact Echo",lci,1
"Skullcap Snail",lci,1
"Master's Guide-Mural // Master's Manufactory",lci,1
"Akal Pakal, First Among Equals",lci,1
"Burning Sun Cavalry",lci,1
"Digsite Conservator",lci,1
"Walk with the Ancestors",lci,1
"Hidden Cataract",lci,1
"Preacher of the Schism",lci,1
"Petrify",lci,2
"Get Lost",lci,1
"Disturbed Slumber",lci,1
"Waterwind Scout",lci,1
"Zoyowa's Justice",lci,1
"Ixalli's Lorekeeper",lci,1
"Hit the Mother Lode",lci,1
"Frilled Cave-Wurm",lci,1
"Might of the Ancestors",lci,1
"Wail of the Forgotten",lci,1
"Spyglass Siren",lci,1
"Grasping Shadows // Shadows' Lair",lci,2
"Souls of the Lost",lci,1
"Jade Seedstones // Jadeheart Attendant",lci,1
"Ojer Taq, Deepest Foundation // Temple of Civilization",lci,1
"Echoing Deeps",lci,2
"Corpses of the Lost",lci,1
"Council of Echoes",lci,1
"Broodrage Mycoid",lci,1
"Oteclan Landmark // Oteclan Levitator",lci,1