"Name","Edition","Count"
"Blooming Marsh",klr,1
"Malefic Scythe",m21,1
"Primal Might",m21,1
"Defiant Strike",m21,1
"Blood Glutton",m21,1
"Skyway Sniper",m21,1
"Grasp of Darkness",m21,1
"Obliterating Bolt",bro,1
"Mana Confluence",ea2,3
"Ravenous Necrotitan",one,1
"Infectious Bite",one,1
"Darkslick Shores",one,1
"Haunted Dead",sir,2
"Prized Amalgam",sir,4
"Faithless Looting",sis,3
"Tragic Slip",sis,1
"Invasion of Arcavios // Invocation of the Founders",mom,1
"Gold-Forged Thopteryx",mat,1
"Grisly Salvage",ha5,4
"The Apprentice's Folly",woe,1
"Skewer Slinger",woe,1
"Aquatic Alchemist // Bubble Up",woe,1
"Mintstrosity",woe,1
"Spellbook Vendor",woe,1
"Ego Drain",woe,1
"Titanic Growth",woe,1
"Toadstool Admirer",woe,1
"Protective Parents",woe,1
"Savior of the Sleeping",woe,1
"Sugar Rush",woe,1
"Icewrought Sentry",woe,1
"Syr Armont, the Redeemer",woe,1
"Skybeast Tracker",woe,1
"Sweettooth Witch",woe,1
"Johann, Apprentice Sorcerer",woe,1
"Kindled Heroism",woe,1
"Hollow Scavenger // Bakery Raid",woe,1
"Hopeless Nightmare",woe,1
"Stroke of Midnight",woe,1
"Conceited Witch // Price of Beauty",woe,1
"Spell Stutter",woe,1
"Belligerent of the Ball",woe,1
"Torch the Tower",woe,1
"Ruby, Daring Tracker",woe,1
"Leaping Ambush",woe,1
"Spellscorn Coven // Take It Back",woe,1
"Archive Dragon",woe,1
"Glass Casket",woe,1
"Tempest Hart // Scan the Clouds",woe,1
"Song of Totentanz",woe,1
"Hylda of the Icy Crown",woe,1
"Ash, Party Crasher",woe,1
"Agatha's Soul Cauldron",woe,1
"Monstrous Rage",woe,1
"Warehouse Tabby",woe,1
"Extraordinary Journey",woe,1
"Stab Wound",wot,1
"Season of Growth",wot,1
"Impact Tremors",wot,1
"Garruk's Uprising",wot,1
"Leyline of Anticipation",wot,1
"Bloodghast",ha7,4
"Glimpse the Unthinkable",ha6,4