"Name","Edition","Count"
"Lightning Helix",sta,1
"Sunbaked Canyon",ha7,1
"The Kami War // O-Kagachi Made Manifest",neo,1
"A-Shattered Seraph",snc,1
"A-Glamorous Outlaw",snc,1
"A-Masked Bandits",snc,1
"Shattered Seraph",snc,1
"Glamorous Outlaw",snc,1
"Masked Bandits",snc,1
"Brokers Charm",snc,1
"Maestros Charm",snc,1
"Djinn of the Fountain",dmu,1
"Painful Quandary",bro,1
"Omnath, Locus of All",mom,1
"Invasion of Ergamon // Truga Cliffcharger",mom,1
"Aragorn, the Uniter",ltr,1
"Izzet Charm",ea3,1
"Golgari Charm",ea3,1
"Tenacious Tomeseeker",woe,1
"Grand Ball Guest",woe,1
"Wicked Visitor",woe,1
"Ego Drain",woe,1
"Break the Spell",woe,1
"Sentinel of Lost Lore",woe,1
"Into the Fae Court",woe,1
"Stroke of Midnight",woe,1
"Spell Stutter",woe,1
"Belligerent of the Ball",woe,1
"Dream Spoilers",woe,1
"Ice Out",woe,1
"Agatha's Champion",woe,1
"Lord Skitter, Sewer King",woe,1
"Extraordinary Journey",woe,1
"Shatter the Oath",woe,1
"Archon's Glory",woe,1
"Rowan's Grim Search",woe,1
"Griffin Aerie",wot,1
"Leyline of the Void",wot,1
"Repercussion",wot,1
"Gruul Charm",ea3,1
"Orzhov Charm",ea3,1
"Burning-Tree Emissary",ha1,1
"Atarka's Command",ha5,1