"Name","Edition","Count"
"Braids's Frightful Return",dmu,1
"Ratadrabik of Urborg",dmu,1
"Ichormoon Gauntlet",one,1
"Jace, the Perfected Mind",one,1
"Gloomfang Mauler",mom,1
"Alabaster Host Intercessor",mom,1
"Invasion of Azgol // Ashen Reaper",mom,1
"Ichor Shade",mom,1
"Pile On",mom,1
"Blightreaper Thallid // Blightsower Thallid",mom,1
"Harried Artisan // Phyrexian Skyflayer",mom,1
"Kenrith, the Returned King",mul,1
"Decadent Dragon // Expensive Taste",woe,1
"Quick Study",woe,1
"Sleight of Hand",woe,2
"Vantress Transmuter // Croaking Curse",woe,1
"Bespoke Battlegarb",woe,1
"Food Fight",woe,1
"Snaremaster Sprite",woe,1
"Freeze in Place",woe,1
"Plunge into Winter",woe,1
"Wicked Visitor",woe,1
"Not Dead After All",woe,1
"Witch's Mark",woe,2
"Redtooth Genealogist",woe,2
"Obyra's Attendants // Desperate Parry",woe,1
"Harried Spearguard",woe,1
"Ferocious Werefox // Guard Change",woe,2
"Stonesplitter Bolt",woe,1
"Frostbridge Guard",woe,2
"Gallant Pie-Wielder",woe,1
"Troublemaker Ouphe",woe,1
"Toadstool Admirer",woe,1
"Protective Parents",woe,1
"Savior of the Sleeping",woe,1
"Barrow Naughty",woe,3
"Frantic Firebolt",woe,2
"Bellowing Bruiser // Beat a Path",woe,1
"Beanstalk Wurm // Plant Beans",woe,2
"Skybeast Tracker",woe,1
"Kellan's Lightblades",woe,1
"Charmed Clothier",woe,1
"Besotted Knight // Betroth the Beast",woe,1
"Armory Mice",woe,1
"Kindled Heroism",woe,1
"Rootrider Faun",woe,1
"Feed the Cauldron",woe,1
"Candy Trail",woe,3
"Shrouded Shepherd // Cleave Shadows",woe,1
"Regal Bunnicorn",woe,1
"Questing Druid // Seek the Beast",woe,1
"Hopeless Nightmare",woe,2
"Into the Fae Court",woe,1
"Redtooth Vanguard",woe,1
"Werefox Bodyguard",woe,1
"Beluna's Gatekeeper // Entry Denied",woe,1
"Prophetic Prism",woe,1
"Tuinvale Guide",woe,1
"Spell Stutter",woe,1
"Eerie Interference",woe,1
"Curse of the Werefox",woe,2
"Edgewall Pack",woe,3
"Torch the Tower",woe,1
"Minecart Daredevil // Ride the Rails",woe,1
"Fell Horseman // Deathly Ride",woe,1
"Verdant Outrider",woe,2
"Ice Out",woe,1
"Disdainful Stroke",woe,1
"Grabby Giant // That's Mine",woe,1
"Ratcatcher Trainee // Pest Problem",woe,2
"Ruby, Daring Tracker",woe,1
"Eriette's Whisper",woe,1
"Redcap Thief",woe,2
"Kellan, the Fae-Blooded // Birthright Boon",woe,1
"Gruff Triplets",woe,1
"Twining Twins // Swift Spiral",woe,1
"Taken by Nightmares",woe,2
"Hamlet Glutton",woe,1
"Collector's Vault",woe,1
"Crystal Grotto",woe,1
"Up the Beanstalk",woe,1
"Stormkeld Prowler",woe,1
"Living Lectern",woe,3
"Unassuming Sage",woe,3
"Night of the Sweets' Revenge",woe,1
"Virtue of Loyalty // Ardenvale Fealty",woe,1
"Shatter the Oath",woe,1
"Royal Treatment",woe,1
"Archon's Glory",woe,3
"The Irencrag",woe,1
"Gnawing Crescendo",woe,1
"Return from the Wilds",woe,2
"Ground Seal",wot,1
"Utopia Sprawl",wot,2
"Hatching Plans",wot,1
"Dragon Mantle",wot,1
"Unnatural Growth",wot,1
"Raid Bombardment",wot,2
"Hardened Scales",wot,1
"Grasp of Fate",wot,2
"Dark Tutelage",wot,1
"Season of Growth",wot,1
"Curiosity",wot,1
"Impact Tremors",wot,1
"Oversold Cemetery",wot,1
"Shared Animosity",wot,1
"Garruk's Uprising",wot,3
"Dawn of Hope",wot,1
"Sleep-Cursed Faerie",woe,1
"Serra Paragon",dmu,1
"Lich-Knights' Conquest",woe,1
"Virtue of Courage // Embereth Blaze",woe,1
"Lord Skitter's Blessing",woe,1
"Parallel Lives",wot,1
"Cut In",woe,1
"Commune with Nature",woe,1
"Fiery Emancipation",wot,1
"Intangible Virtue",wot,1