"Name","Edition","Count"
"Prairie Stream",BFZ,1
"Craterhoof Behemoth",JMP,1
"Selvala, Heart of the Wilds",JMP,1
"Refurbish",KLR,1
"Rishkar's Expertise",KLR,1
"Arid Mesa",MH2,1
"Marsh Flats",MH2,1
"Misty Rainforest",MH2,1
"Scalding Tarn",MH2,1
"Sunset Revelry",MID,1
"Black Market Tycoon",SNC,1
"Raggadragga, Goreguts Boss",HBG,1
"Astor, Bearer of Blades",DMU,1
"Glissa Sunslayer",ONE,1
"Hexgold Hoverwings",ONE,1
"Traverse the Ulvenwald",SIR,1
"Wrenn's Resolve",MOM,1
"Scrollshift",MOM,1
"Swordsworn Cavalier",MOM,1
"Blighted Burgeoning",MOM,1
"Corruption of Towashi",MOM,1
"Dig Through Time",KTK,1
"Charming Scoundrel",WOE,1
"Talion, the Kindly Lord",WOE,1
"Abuelo's Awakening",LCI,1
"Ghalta, Stampede Tyrant",LCI,1
"Intrepid Paleontologist",LCI,1
"Analyze the Pollen",MKM,1
"Commercial District",MKM,1
"Quilled Charger",OTJ,1
"Trash the Town",OTJ,1
"Conduit Pylons",OTJ,1
"Double Down",OTJ,1
"Desperate Bloodseeker",OTJ,1
"Irascible Wolverine",OTJ,2
"Deadeye Duelist",OTJ,2
"Armored Armadillo",OTJ,1
"Bridled Bighorn",OTJ,1
"Throw from the Saddle",OTJ,1
"Sterling Hound",OTJ,1
"Festering Gulch",OTJ,1
"Boneyard Desecrator",OTJ,1
"Outlaw Medic",OTJ,2
"Holy Cow",OTJ,1
"Lush Oasis",OTJ,1
"Stoic Sphinx",OTJ,1
"Rattleback Apothecary",OTJ,1
"Sandstorm Verge",OTJ,1
"Outcaster Trailblazer",OTJ,1
"Selvala, Eager Trailblazer",OTJ,1
"At Knifepoint",OTJ,2
"Vraska Joins Up",OTJ,1
"Steer Clear",OTJ,1
"Forsaken Miner",OTJ,1
"Kambal, Profiteering Mayor",OTJ,1
"Hardbristle Bandit",OTJ,1
"Doc Aurlock, Grizzled Genius",OTJ,1
"Bandit's Haul",OTJ,2
"Sterling Keykeeper",OTJ,1
"Deepmuck Desperado",OTJ,1
"Prairie Dog",OTJ,1
"Stop Cold",OTJ,1
"Servant of the Stinger",OTJ,1
"Taii Wakeen, Perfect Shot",OTJ,1
"Freestrider Commando",OTJ,1
"Shoot the Sheriff",OTJ,1
"Three Steps Ahead",OTJ,1
"Nezumi Linkbreaker",OTJ,1
"Forlorn Flats",OTJ,1
"Archmage's Newt",OTJ,1
"Savage Smash",OTP,1
"Ride Down",OTP,1
"Fling",OTP,1
"Fierce Retribution",OTP,2
"Hypothesizzle",OTP,1
"Clear Shot",OTP,1
"Mana Drain",OTP,1
"Vaultborn Tyrant",BIG,1
"Transmutation Font",BIG,1
"Gamble",SPG,1
"Prismatic Vista",SPG,1