"Name","Edition","Count"
"Clarion Spirit",KHM,2
"Aether Hub",KLR,2
"Blood for Bones",M20,1
"Carrion Grub",M21,1
"Kor Skyfisher",J21,3
"Khalni Garden",J21,1
"Thraben Inspector",SOI,2
"Voldaren Epicure",VOW,3
"Experimental Synthesizer",NEO,2
"Dusk Mangler",SNC,2
"Circle of the Land Druid",HBG,3
"A-Circle of the Land Druid",HBG,3
"Skrelv, Defector Mite",ONE,1
"Tyvar, Jubilant Brawler",ONE,1
"Satyr Wayfinder",BNG,3
"Generous Ent",LTR,1
"Rise of the Witch-king",LTR,1
"Obyra, Dreaming Duelist",WOE,1
"Imodane, the Pyrohammer",WOE,1
"Rootrider Faun",WOE,1
"Imodane's Recruiter",WOE,2
"Commune with Nature",WOE,1
"Faerie Fencing",WOE,1
"Gingerbread Hunter",WOE,1
"Provisions Merchant",WOE,2
"Experimental Confectioner",WOE,2
"Scream Puff",WOE,2
"Spider Food",WOE,2
"Wildwood Mentor",WOE,1
"Talion's Messenger",WOE,1
"Faerie Slumber Party",WOE,1
"Itzquinth, Firstborn of Gishath",LCI,1
"Geological Appraiser",LCI,1
"Trumpeting Carnosaur",LCI,1
"Guardian of the Great Door",LCI,1
"Disruptor Wanderglyph",LCI,1
"River Herald Scout",LCI,1
"Grasping Shadows",LCI,1
"Armored Kincaller",LCI,1
"River Herald Guide",LCI,1
"Restless Reef",LCI,1
"Acrobatic Leap",LCI,1
"Plundering Pirate",LCI,1
"A-Geological Appraiser",LCI,1
"Curator of Sun's Creation",LCI,2
"In the Presence of Ages",LCI,2
"Deepfathom Echo",LCI,1
"Jadelight Spelunker",LCI,1
"Sentinel of the Nameless City",LCI,1
"Novice Inspector",MKM,1
"Marketwatch Phantom",MKM,1
"A Killer Among Us",MKM,1
"Neighborhood Guardian",MKM,1
"Granite Witness",MKM,1
"Makeshift Binding",MKM,1
"Perimeter Enforcer",MKM,1
"Wispdrinker Vampire",MKM,1
"Magnifying Glass",MKM,1
"Judith, Carnage Connoisseur",MKM,1
"Snarling Gorehound",MKM,2
"Assemble the Players",MKM,1
"Wojek Investigator",MKM,1
"Slimy Dualleech",MKM,1
"Delney, Streetwise Lookout",MKM,1
"Warleader's Call",MKM,1
"Connecting the Dots",MKM,1
"They Went This Way",MKM,2
"Melek, Reforged Researcher",MKM,1
"Private Eye",MKM,2
"Ezrim, Agency Chief",MKM,1
"Alquist Proft, Master Sleuth",MKM,1
"Steamcore Scholar",MKM,1
"Thinking Cap",MKM,2
"Officious Interrogation",MKM,1
"Forensic Gadgeteer",MKM,1
"Assassin's Trophy",MKM,1
"Caustic Bronco",OTJ,1
"Baron Bertram Graywater",OTJ,1
"Iron-Fist Pulverizer",OTJ,1
"Nurturing Pixie",OTJ,3
"Abraded Bluffs",OTJ,1
"Patient Naturalist",OTJ,1
"Ornery Tumblewagg",OTJ,1
"Sheriff of Safe Passage",OTJ,1
"Trained Arynx",OTJ,1
"Ambush Gigapede",OTJ,1
"Creosote Heath",OTJ,3
"Jagged Barrens",OTJ,1
"Eroded Canyon",OTJ,1
"Thunder Salvo",OTJ,1
"Holy Cow",OTJ,1
"Soured Springs",OTJ,3
"Slickshot Vault-Buster",OTJ,1
"Rodeo Pyromancers",OTJ,1
"Lonely Arroyo",OTJ,3
"Bristlepack Sentry",OTJ,2
"Ankle Biter",OTJ,1
"Steer Clear",OTJ,1
"Hardbristle Bandit",OTJ,1
"Sterling Keykeeper",OTJ,1
"Shoot the Sheriff",OTJ,1
"Nezumi Linkbreaker",OTJ,1
"Forlorn Flats",OTJ,3
"Slick Sequence",OTJ,1
"Lilah, Undefeated Slickshot",OTJ,1
"Prickly Pair",OTJ,1
"Harrier Strix",OTJ,1
"Mobile Homestead",OTJ,1
"Stubborn Burrowfiend",OTJ,3
"Vial Smasher, Gleeful Grenadier",OTJ,1
"Phantom Interference",OTJ,1
"Cunning Coyote",OTJ,1
"Unscrupulous Contractor",OTJ,1
"Fortune, Loyal Steed",OTJ,1
"Gold Pan",OTJ,1
"Mine Raider",OTJ,2
"Lazav, Familiar Stranger",OTJ,1
"Annie Joins Up",OTJ,1
"Ruthless Lawbringer",OTJ,1
"Dust Animus",OTJ,1
"Bristling Backwoods",OTJ,4
"Spirebluff Canal",OTJ,1
"Breeches, the Blastmaker",OTJ,1
"Hell to Pay",OTJ,1
"Razzle-Dazzler",OTJ,2
"Kaervek, the Punisher",OTJ,1
"Vadmir, New Blood",OTJ,1
"Tinybones, the Pickpocket",OTJ,1
"Laughing Jasper Flint",OTJ,1
"Magda, the Hoardmaster",OTJ,1
"Hellspur Posse Boss",OTJ,1
"Rakish Crew",OTJ,2
"Hellspur Brute",OTJ,1
"Trick Shot",OTJ,2
"Bounding Felidar",OTJ,1
"Intrepid Stablemaster",OTJ,2
"Wylie Duke, Atiin Hero",OTJ,1
"Congregation Gryff",OTJ,2
"Railway Brawler",OTJ,1
"Bonny Pall, Clearcutter",OTJ,1
"Colossal Rattlewurm",OTJ,1
"Failed Fording",OTJ,2
"Outcaster Greenblade",OTJ,2
"Map the Frontier",OTJ,2
"Journey to Nowhere",OTP,1
"Ride Down",OTP,1
"Buried in the Garden",OTP,1
"Clear Shot",OTP,1
"Contagion Engine",OTP,1
"Detention Sphere",OTP,1
"Bristlebud Farmer",BIG,1
"Revitalizing Repast",MH3,1
"Amped Raptor",MH3,2
"Victimize",MH3,3
"Galvanic Discharge",MH3,4
"Unstable Amulet",MH3,4