"Name","Edition","Count"
"Verdant Catacombs",MH2,1
"The Raven Man",DMU,1
"Perennial Behemoth",BRO,1
"Mishra's Command",BRO,1
"Surge Engine",BRO,1
"Flick a Coin",WOE,1
"Syr Armont, the Redeemer",WOE,1
"The Goose Mother",WOE,1
"Twining Twins",WOE,1
"Faerie Fencing",WOE,1
"Restless Reef",LCI,1
"Underground Mortuary",MKM,1
"Kylox, Visionary Inventor",MKM,1
"Stagecoach Security",OTJ,1
"Badlands Revival",OTJ,1
"Vault Plunderer",OTJ,1
"Patient Naturalist",OTJ,1
"Trained Arynx",OTJ,1
"Ambush Gigapede",OTJ,1
"Armored Armadillo",OTJ,1
"Daring Thunder-Thief",OTJ,1
"Vengeful Townsfolk",OTJ,1
"Voracious Varmint",OTJ,1
"Lush Oasis",OTJ,1
"Snakeskin Veil",OTJ,1
"Overzealous Muscle",OTJ,1
"Slick Sequence",OTJ,1
"Goldvein Hydra",OTJ,1
"Aloe Alchemist",OTJ,1
"Step Between Worlds",OTJ,1
"Ertha Jo, Frontier Mentor",OTJ,1
"Gold Rush",OTJ,1
"Slickshot Show-Off",OTJ,2
"Seraphic Steed",OTJ,1
"Spinewoods Armadillo",OTJ,1
"Visage Bandit",OTJ,1
"Form a Posse",OTJ,1
"Malcolm, the Eyes",OTJ,1
"Kellan, the Kid",OTJ,1
"Duelist of the Mind",OTJ,1
"Kellan Joins Up",OTJ,1
"Archangel of Tithes",OTJ,1
"Decisive Denial",OTP,1
"Commandeer",OTP,1
"Villainous Wealth",OTP,1
"Voidslime",OTP,1
"Legion Extruder",BIG,1
"Snow-Covered Wastes",MH3,2
"Evolution Witness",MH3,4
"Basking Broodscale",MH3,3
"Hexgold Slith",MH3,2
"Mandibular Kite",MH3,1
"Recruiter of the Guard",MH3,1
"Collective Resistance",MH3,1
"Mogg Mob",MH3,1
"Devourer of Destiny",MH3,2
"Temperamental Oozewagg",MH3,1
"Expel the Unworthy",MH3,1
"Faithful Watchdog",MH3,3
"Annoyed Altisaur",MH3,1
"Brainsurge",MH3,1
"Dreadmobile",MH3,1
"Echoes of Eternity",MH3,1
"Nyxborn Hydra",MH3,2
"Unfathomable Truths",MH3,2
"Smelted Chargebug",MH3,2
"Malevolent Rumble",MH3,3
"Fledgling Dragon",MH3,2
"Emissary of Soulfire",MH3,1
"Amphibian Downpour",MH3,1
"Expanding Ooze",MH3,4
"Deceptive Landscape",MH3,2
"Suppression Ray",MH3,2
"Grim Servant",MH3,1
"Dreamtide Whale",MH3,2
"Eviscerator's Insight",MH3,1
"Obstinate Gargoyle",MH3,1
"Contaminated Landscape",MH3,2
"Decree of Justice",MH3,1
"Stump Stomp",MH3,1
"Revitalizing Repast",MH3,1
"Arna Kennerud, Skycaptain",MH3,1
"Corrupted Shapeshifter",MH3,2
"Cephalid Coliseum",MH3,2
"Waterlogged Teachings",MH3,1
"Triton Wavebreaker",MH3,2
"Kami of Jealous Thirst",MH3,1
"Inventor's Axe",MH3,2
"Sapphire Medallion",MH3,1
"Furnace Hellkite",MH3,1
"Serum Visionary",MH3,2
"Fanged Flames",MH3,2
"Deserted Temple",MH3,1
"Bespoke Battlewagon",MH3,1
"Twisted Riddlekeeper",MH3,1
"Arena of Glory",MH3,1
"Wing It",MH3,1
"Conduit Goblin",MH3,2
"Rosecot Knight",MH3,1
"Eldrazi Repurposer",MH3,1
"Barbarian Ring",MH3,3
"Propagator Drone",MH3,1
"White Orchid Phantom",MH3,1
"Breathe Your Last",MH3,2
"Colossal Dreadmask",MH3,2
"Disciple of Freyalise",MH3,1
"Glaring Fleshraker",MH3,1
"Flare of Denial",MH3,1
"Aether Spike",MH3,1
"Petrifying Meddler",MH3,2
"Emerald Medallion",MH3,1
"Pinnacle Monk",MH3,1
"Ral and the Implicit Maze",MH3,1
"Gift of the Viper",MH3,1
"Nightshade Dryad",MH3,1
"Perilous Landscape",MH3,2
"Nesting Grounds",MH3,1
"Fangs of Kalonia",MH3,1
"Ondu Knotmaster",MH3,1
"Strix Serenade",MH3,1
"Solstice Zealot",MH3,2
"Shrieking Drake",MH3,2
"Path of Annihilation",MH3,1
"Bloodstained Mire",MH3,1
"Utter Insignificance",MH3,1
"Writhing Chrysalis",MH3,3
"Consign to Memory",MH3,1
"Pearl-Ear, Imperial Advisor",MH3,1
"Deem Inferior",MH3,1
"Sneaky Snacker",MH3,2
"Thriving Skyclaw",MH3,2
"Sylvan Safekeeper",MH3,1
"Static Prison",MH3,1
"Legion Leadership",MH3,1
"Warren Soultrader",MH3,1
"Tranquil Landscape",MH3,1
"Drownyard Lurker",MH3,2
"Meltdown",MH3,1
"Horrid Shadowspinner",MH3,1
"Winter Moon",MH3,1
"Refurbished Familiar",MH3,2
"Ophiomancer",MH3,1
"Skittering Precursor",MH3,1
"Harbinger of the Seas",MH3,2
"Retrofitted Transmogrant",MH3,1
"Seething Landscape",MH3,1
"Angel of the Ruins",MH3,1
"The Creation of Avacyn",MH3,1
"Marionette Apprentice",MH3,1
"Rosheen, Roaring Prophet",MH3,1
"Accursed Marauder",MH3,1
"Siege Smash",MH3,1
"Essence Reliquary",MH3,1
"Metastatic Evangel",MH3,1
"Electrozoa",MH3,1
"Drossclaw",MH3,1
"Deep Analysis",MH3,1
"Sundering Eruption",MH3,1
"Flare of Duplication",MH3,1
"Distinguished Conjurer",MH3,1
"Amped Raptor",MH3,2
"Imskir Iron-Eater",MH3,1
"Horrific Assault",MH3,1
"Thraben Charm",MH3,1
"Riddle Gate Gargoyle",MH3,1
"Sevinne's Reclamation",MH3,1
"Glimpse the Impossible",MH3,1
"Sage of the Unknowable",MH3,1
"Reiterating Bolt",MH3,1
"Six",MH3,1